Costus_acreanus_19245	xxx
Costus_acreanus_19253	xxx
Costus_afer_98068	xxx
Costus_allenii_98050	C.allenii
Costus_amazonicus_19020	xxx
Costus_amazonicus_GUAL_18009	xxx
Costus_amazonicus_subsp_krukovii_98072	xxx
Costus_arabicus_98080	xxx
Costus_asplundii_18058	xxx
Costus_barbatus_19242	xxx
Costus_bracteatus_18030	C.bracteatus
Costus_chartaceus_19269	C.bracteatus
Costus_comosus_var_bakeri_19114	xxx
Costus_comosus_var_comosus_98173	xxx
Costus_dirzoi_19085	xxx
Costus_dirzoi_98079	xxx
Costus_dubius_19268	xxx
Costus_dubius_19274	xxx
Costus_dubius_98074	xxx
Costus_erythrocoryne_98073	xxx
Costus_erythrophyllus_19206	xxx
Costus_erythrophyllus_19256	xxx
Costus_erythrophyllus_98168	xxx
Costus_erythrothyrsus_98174	xxx
Costus_glaucus_19166	xxx
Costus_glaucus_98077	xxx
Costus_guanaiensis_var_guanaiensis_CA_19203	xxx
Costus_guanaiensis_var_guanaiensis_SA_18056	xxx
Costus_guanaiensis_var_guanaiensis_SA_18059	xxx
Costus_guanaiensis_var_guanaiensis_SA_18079	xxx
Costus_guanaiensis_var_macrostrobilus_18077	xxx
Costus_guanaiensis_var_tarmicus_18002	xxx
Costus_guanaiensis_var_tarmicus_19243	xxx
Costus_laevis_18029	xxx
Costus_laevis_18031	xxx
Costus_laevis_18032	xxx
Costus_laevis_19191	xxx
Costus_laevis_19218	xxx
Costus_laevis_RD299	xxx
Costus_lasius_18080	Outgroup
Costus_lasius_19117	Outgroup
Costus_leucanthus_98075	xxx
Costus_lima_18035	xxx
Costus_lima_19228	xxx
Costus_lima_98165	xxx
Costus_longebracteolatus_18061	xxx
Costus_longebracteolatus_98176	xxx
Costus_lucanusianus_99103	xxx
Costus_malortieanus_18036	xxx
Costus_malortieanus_19216	xxx
Costus_montanus_18037	xxx
Costus_montanus_19217	xxx
Costus_nitidus_18001	xxx
Costus_osae_18038	xxx
Costus_osae_19005	xxx
Costus_pictus_19284	xxx
Costus_pictus_98160	xxx
Costus_plicatus_18039	xxx
Costus_plicatus_19067	xxx
Costus_productus_19263	xxx
Costus_productus_19281	xxx
Costus_productus_98170	xxx
Costus_pulverulentus_18040	xxx
Costus_pulverulentus_18041	xxx
Costus_pulverulentus_18042	xxx
Costus_pulverulentus_18081	xxx
Costus_pulverulentus_18082	xxx
Costus_pulverulentus_18083	xxx
Costus_pulverulentus_18084	xxx
Costus_pulverulentus_19119	xxx
Costus_pulverulentus_x_scaber_19208	xxx
Costus_ricus_18043	xxx
Costus_scaber_18025	xxx
Costus_scaber_18044	xxx
Costus_scaber_18045	xxx
Costus_scaber_18046	xxx
Costus_scaber_18060	xxx
Costus_scaber_18078	xxx
Costus_scaber_18085	xxx
Costus_scaber_18086	xxx
Costus_scaber_18087	xxx
Costus_scaber_19167	xxx
Costus_sp_19122	xxx
Costus_sp_19207	xxx
Costus_sp_nov_18020	xxx
Costus_sp_nov_18049	xxx
Costus_sp_nov_19118	xxx
Costus_sp_nov_19168	xxx
Costus_sp_nov_19205	xxx
Costus_sp_nov_19248	xxx
Costus_spicatus_19251	xxx
Costus_spicatus_19272	xxx
Costus_spiralis_var_spiralis_18088	xxx
Costus_spiralis_var_villosus_19077	xxx
Costus_spiralis_var_villosus_19209	xxx
Costus_stenophyllus_18048	xxx
Costus_stenophyllus_19227	xxx
Costus_vargasii_19210	xxx
Costus_varzearum_19252	xxx
Costus_varzearum_98076	xxx
Costus_villosissimus_18090	xxx
Costus_villosissimus_19169	C.villosissimus
Costus_villosissimus_98048	XXX
Costus_vinosus_19273	xxx
Costus_vinosus_98171	xxx
Costus_wilsonii_18050	xxx
Costus_wilsonii_18051	xxx
Costus_woodsonii_18052	xxx
Costus_woodsonii_18089	xxx
Costus_woodsonii_19232	xxx
Costus_zamoranus_19170	xxx
Costus_zingiberoides_98162	xxx
